City_ID,City,Country,Date,Lat,Lng,Max Temp,Humidity,Cloudiness,Wind Speed
0,Bejar,ES,2021-02-04 12:20:54,40.3864,-5.7634,46.0,10,100,2.77
1,Hobart,AU,2021-02-04 12:15:22,-42.8794,147.3294,68.0,64,0,8.05
2,Mataura,NZ,2021-02-04 12:15:09,-46.1927,168.8643,44.78,82,7,3.74
3,Upernavik,GL,2021-02-04 12:14:45,72.7868,-56.1549,-11.13,70,61,3.2
4,Jamui,IN,2021-02-04 12:20:54,24.9167,86.2167,71.33,33,0,6.4
5,Atuona,PF,2021-02-04 12:15:18,-9.8,-139.0333,77.4,74,2,9.82
6,Salalah,OM,2021-02-04 12:13:14,17.0151,54.0924,77.0,57,0,8.05
7,Dikson,RU,2021-02-04 12:13:29,73.5069,80.5464,-10.12,92,100,12.44
8,Avarua,CK,2021-02-04 12:15:16,-21.2078,-159.775,78.8,83,20,3.44
9,Vila Franca Do Campo,PT,2021-02-04 12:15:37,37.7167,-25.4333,53.6,62,20,21.85
10,Bluff,NZ,2021-02-04 12:15:08,-46.6,168.3333,49.19,77,15,13.42
11,Borovskoy,KZ,2021-02-04 12:20:55,53.8,64.15,28.58,99,95,7.56
12,Talnakh,RU,2021-02-04 12:16:17,69.4865,88.3972,-20.72,86,96,1.7
13,Khandyga,RU,2021-02-04 12:20:56,62.6667,135.6,-49.16,75,47,0.89
14,Ola,RU,2021-02-04 12:20:56,59.5833,151.2833,-6.36,84,48,12.24
15,Rikitea,PF,2021-02-04 12:15:09,-23.1203,-134.9692,77.68,70,70,12.62
16,Clyde River,CA,2021-02-04 12:14:40,70.4692,-68.5914,-25.6,75,90,4.61
17,Sobolevo,RU,2021-02-04 12:20:56,54.4299,31.8996,23.5,98,100,16.17
18,Grindavik,IS,2021-02-04 12:15:14,63.8424,-22.4338,37.4,81,90,25.32
19,Kupang,ID,2021-02-04 12:20:56,-10.1667,123.5833,77.0,100,75,6.91
20,Aykhal,RU,2021-02-04 12:16:51,66.0,111.5,-26.16,83,100,8.55
21,Busselton,AU,2021-02-04 12:15:13,-33.65,115.3333,62.01,57,0,1.99
22,Arraial Do Cabo,BR,2021-02-04 12:15:25,-22.9661,-42.0278,84.2,61,0,17.27
23,Kapaa,US,2021-02-04 12:15:26,22.0752,-159.319,63.0,72,90,15.59
24,Zhuhai,CN,2021-02-04 12:20:57,22.2769,113.5678,71.01,82,0,13.8
25,Broome,US,2021-02-04 12:15:12,42.2506,-75.833,26.01,79,90,13.8
26,Albany,US,2021-02-04 12:15:23,42.6001,-73.9662,24.8,74,75,6.91
27,Ushuaia,AR,2021-02-04 12:15:00,-54.8,-68.3,62.6,63,75,26.46
28,Vaini,TO,2021-02-04 12:13:19,-21.2,-175.2,77.0,100,75,3.44
29,Yumen,CN,2021-02-04 12:15:37,40.2833,97.2,30.7,72,9,21.72
30,Kuressaare,EE,2021-02-04 12:16:30,58.2481,22.5039,25.0,80,75,11.5
31,Hambantota,LK,2021-02-04 12:20:58,6.1241,81.1185,82.4,78,75,9.22
32,Chuy,UY,2021-02-04 12:15:10,-33.6971,-53.4616,65.53,95,99,25.12
33,Puerto Ayora,EC,2021-02-04 12:14:42,-0.7393,-90.3518,75.99,95,80,10.11
34,Changying,CN,2021-02-04 12:20:58,52.8733,123.3213,-13.94,86,58,2.53
35,Atbasar,KZ,2021-02-04 12:16:59,51.8,68.3333,23.67,98,99,5.93
36,Ancud,CL,2021-02-04 12:15:37,-41.8697,-73.8203,64.4,72,0,11.5
37,Pisco,PE,2021-02-04 12:15:28,-13.7,-76.2167,69.8,88,0,6.91
38,Batemans Bay,AU,2021-02-04 12:16:03,-35.7167,150.1833,73.0,89,98,10.0
39,Castro,BR,2021-02-04 12:15:29,-24.7911,-50.0119,74.23,85,100,6.29
40,Lasa,IT,2021-02-04 12:17:17,46.6166,10.7002,48.0,52,0,4.61
41,Juayua,SV,2021-02-04 12:20:59,13.8414,-89.7456,54.36,75,19,5.39
42,Punta Arenas,CL,2021-02-04 12:14:22,-53.15,-70.9167,59.0,72,75,17.27
43,Paka,MY,2021-02-04 12:21:00,4.6374,103.4368,80.01,83,91,3.44
44,Angoche,MZ,2021-02-04 12:18:07,-16.2325,39.9086,88.41,63,74,10.04
45,Yellowknife,CA,2021-02-04 12:10:39,62.456,-114.3525,-25.01,68,20,8.05
46,Torbay,CA,2021-02-04 12:15:27,47.6666,-52.7314,44.01,100,75,17.27
47,Tasiilaq,GL,2021-02-04 12:15:20,65.6145,-37.6368,19.8,95,94,8.88
48,Ixtapa,MX,2021-02-04 12:16:51,20.7,-105.2,57.2,100,1,3.65
49,Airai,TL,2021-02-04 12:15:28,-8.9266,125.4092,60.12,100,100,4.68
50,Farrukhnagar,IN,2021-02-04 12:21:00,17.0778,78.2011,80.6,36,0,5.75
51,Barrow,US,2021-02-04 12:15:49,71.2906,-156.7887,-29.2,75,1,12.66
52,Nouadhibou,MR,2021-02-04 12:21:01,20.931,-17.0347,69.8,68,0,18.41
53,Coquimbo,CL,2021-02-04 12:20:46,-29.9533,-71.3436,59.0,88,90,3.44
54,Bethel,US,2021-02-04 12:16:39,41.3712,-73.414,30.2,64,90,5.75
55,Kiunga,PG,2021-02-04 12:21:02,-6.1219,141.2906,75.52,93,90,2.71
56,Nikolskoye,RU,2021-02-04 12:15:31,59.7035,30.7861,15.01,79,40,13.42
57,Hithadhoo,MV,2021-02-04 12:13:17,-0.6,73.0833,83.25,71,100,8.5
58,Butaritari,KI,2021-02-04 12:14:08,3.0707,172.7902,81.18,84,100,14.65
59,Marsa Matruh,EG,2021-02-04 12:16:30,31.3525,27.2453,66.2,72,40,17.27
60,Lebu,CL,2021-02-04 12:15:02,-37.6167,-73.65,62.28,75,12,5.06
61,Jamestown,US,2021-02-04 12:15:02,42.097,-79.2353,21.2,100,90,9.22
62,Karlstad,SE,2021-02-04 12:21:02,59.3793,13.5036,14.0,79,0,10.36
63,Barand,HU,2021-02-04 12:17:11,47.3,21.2333,57.2,58,0,24.16
64,Prado,BR,2021-02-04 12:21:03,-17.3411,-39.2208,79.11,80,53,6.33
65,Hermanus,ZA,2021-02-04 12:15:13,-34.4187,19.2345,73.99,74,68,5.99
66,Dalbandin,PK,2021-02-04 12:21:03,28.8947,64.4101,63.37,23,0,9.95
67,Sinnamary,GF,2021-02-04 12:15:16,5.3833,-52.95,78.26,82,95,16.28
68,Segezha,RU,2021-02-04 12:19:02,63.7415,34.3222,13.69,94,100,17.58
69,Severo-Kurilsk,RU,2021-02-04 12:15:14,50.6789,156.125,9.72,90,99,20.13
70,Saldanha,ZA,2021-02-04 12:16:12,-33.0117,17.9442,78.8,50,14,17.27
71,Ribeira Grande,PT,2021-02-04 12:13:42,38.5167,-28.7,55.4,58,40,18.41
72,Steamboat Springs,US,2021-02-04 12:20:08,40.485,-106.8317,15.8,73,90,4.23
73,Isangel,VU,2021-02-04 12:13:18,-19.55,169.2667,78.31,80,95,7.94
74,Nepa Nagar,IN,2021-02-04 12:21:04,21.4667,76.4,85.26,18,0,1.83
75,Tilichiki,RU,2021-02-04 12:15:51,60.4667,166.1,1.18,94,98,12.21
76,New Norfolk,AU,2021-02-04 12:15:12,-42.7826,147.0587,68.0,64,0,8.05
77,Tuktoyaktuk,CA,2021-02-04 12:15:17,69.4541,-133.0374,-34.44,83,31,5.82
78,Belchertown,US,2021-02-04 12:21:04,42.277,-72.4009,28.4,69,90,4.61
79,Wasilla,US,2021-02-04 12:16:20,61.5814,-149.4394,15.8,85,90,0.6
80,Khatanga,RU,2021-02-04 12:16:14,71.9667,102.5,-30.5,80,0,13.78
81,Santiago Del Estero,AR,2021-02-04 12:16:44,-27.7951,-64.2615,74.03,60,0,2.35
82,Hilo,US,2021-02-04 12:15:00,19.7297,-155.09,68.0,77,1,5.75
83,Pevek,RU,2021-02-04 12:15:53,69.7008,170.3133,-13.88,82,0,15.28
84,Dingle,PH,2021-02-04 12:13:53,10.9995,122.6711,75.78,86,62,8.88
85,Cape Town,ZA,2021-02-04 12:15:09,-33.9258,18.4232,77.0,57,0,23.02
86,Chimbote,PE,2021-02-04 12:21:05,-9.0853,-78.5783,69.04,76,98,3.4
87,Prieska,ZA,2021-02-04 12:21:06,-29.6641,22.7474,93.38,19,0,6.96
88,Cidreira,BR,2021-02-04 12:12:12,-30.1811,-50.2056,71.29,90,92,17.56
89,Bathsheba,BB,2021-02-04 12:15:53,13.2167,-59.5167,80.6,61,20,21.85
90,Chokurdakh,RU,2021-02-04 12:15:33,70.6333,147.9167,-12.89,85,18,15.84
91,Coronado,US,2021-02-04 12:21:06,32.6859,-117.1831,59.0,77,75,4.61
92,Siocon,PH,2021-02-04 12:21:07,7.7061,122.1353,78.71,80,82,10.83
93,Tiksi,RU,2021-02-04 12:15:15,71.6872,128.8694,-28.79,85,68,1.92
94,Bundaberg,AU,2021-02-04 12:21:07,-24.85,152.35,75.99,73,40,4.61
95,Berlevag,NO,2021-02-04 12:21:07,70.8578,29.0864,30.2,69,75,20.71
96,Saint-Philippe,RE,2021-02-04 12:16:12,-21.3585,55.7679,87.8,62,0,25.32
97,Huilong,CN,2021-02-04 12:15:41,31.8111,121.655,46.99,70,15,1.99
98,Cairns,AU,2021-02-04 12:19:10,-16.9167,145.7667,80.6,78,40,1.14
99,Uren,RU,2021-02-04 12:21:07,57.4552,45.7852,31.21,98,99,8.39
100,Taoudenni,ML,2021-02-04 12:15:30,22.6783,-3.9836,88.29,11,23,9.48
101,Cockburn Town,TC,2021-02-04 12:14:08,21.4612,-71.1419,68.0,77,40,3.44
102,San Francisco,US,2021-02-04 12:20:08,37.7749,-122.4194,48.99,81,1,3.44
103,Fort Nelson,CA,2021-02-04 12:21:08,58.8053,-122.7002,-16.6,69,90,8.05
104,Provideniya,RU,2021-02-04 12:16:32,64.3833,-173.3,-11.13,83,33,21.36
105,Lunglei,IN,2021-02-04 12:21:08,22.8833,92.7333,59.65,35,0,1.23
106,Haines Junction,CA,2021-02-04 12:21:08,60.7522,-137.5108,-27.4,68,86,1.14
107,Port Alfred,ZA,2021-02-04 12:15:06,-33.5906,26.891,75.99,77,88,1.01
108,Talaya,RU,2021-02-04 12:21:08,61.3833,152.75,-19.73,84,100,6.96
109,Skorodnoye,RU,2021-02-04 12:21:08,51.071,37.2276,37.4,100,90,11.18
110,Charters Towers,AU,2021-02-04 12:21:09,-20.1,146.2667,75.27,84,53,13.06
111,Navsari,IN,2021-02-04 12:21:09,20.9524,72.9324,84.2,32,61,5.75
112,Ponta Do Sol,PT,2021-02-04 12:13:24,32.6667,-17.1,57.0,68,91,1.01
113,West Wendover,US,2021-02-04 12:15:48,40.7391,-114.0733,30.2,59,1,8.05
114,Bolshaya Glushitsa,RU,2021-02-04 12:21:09,50.2406,43.5908,40.87,97,96,5.53
115,Maniitsoq,GL,2021-02-04 12:16:40,65.4167,-52.9,3.87,73,0,9.46
116,Qaanaaq,GL,2021-02-04 12:15:27,77.484,-69.3632,-22.27,60,1,8.77
117,Skibbereen,IE,2021-02-04 12:21:09,51.55,-9.2667,46.4,87,40,13.8
118,Sicamous,CA,2021-02-04 12:21:10,50.8331,-118.9856,28.4,86,96,1.14
119,Kodiak,US,2021-02-04 12:15:20,57.79,-152.4072,21.2,86,75,5.01
120,Kulhudhuffushi,MV,2021-02-04 12:21:10,6.6221,73.07,82.33,66,100,7.45
121,Mahebourg,MU,2021-02-04 12:16:10,-20.4081,57.7,84.2,70,40,10.36
122,Mar Del Plata,AR,2021-02-04 12:10:48,-38.0023,-57.5575,69.01,82,0,4.61
123,Meulaboh,ID,2021-02-04 12:15:11,4.1363,96.1285,80.49,81,84,2.8
124,Faanui,PF,2021-02-04 12:15:36,-16.4833,-151.75,80.96,69,68,7.74
125,Victoria,HK,2021-02-04 12:12:52,22.2855,114.1577,68.0,78,0,1.99
126,Santiago De Cao,PE,2021-02-04 12:21:10,-7.9589,-79.2392,68.88,82,100,5.19
127,Pouebo,NC,2021-02-04 12:21:10,-20.4,164.5667,77.14,87,33,6.62
128,Saint-Georges,GD,2021-02-04 12:16:45,12.0564,-61.7485,80.6,78,40,20.71
129,Karratha,AU,2021-02-04 12:16:24,-20.7377,116.8463,82.27,81,85,12.86
130,Sorland,NO,2021-02-04 12:15:47,67.667,12.6934,33.8,93,40,13.8
131,Ambilobe,MG,2021-02-04 12:21:11,-13.2,49.05,84.47,78,87,6.02
132,Gao,ML,2021-02-04 12:20:17,16.6362,1.637,88.77,10,0,16.8
133,Andijon,UZ,2021-02-04 12:21:11,40.7821,72.3442,48.2,46,2,2.24
134,Nanortalik,GL,2021-02-04 12:16:38,60.1432,-45.2371,17.98,79,100,10.0
135,Anadyr,RU,2021-02-04 12:21:11,64.75,177.4833,-5.8,77,65,33.55
136,Kokuy,RU,2021-02-04 12:21:11,52.2037,117.5529,-7.4,88,100,1.54
137,Praia,CV,2021-02-04 12:21:11,14.9215,-23.5087,73.4,68,90,23.02
138,San Joaquin,US,2021-02-04 12:21:12,37.9333,-121.3011,44.01,81,1,9.22
139,Avera,US,2021-02-04 12:21:12,33.194,-82.5271,26.01,85,1,2.33
140,Kilindoni,TZ,2021-02-04 12:16:23,-7.9139,39.6668,83.91,69,52,8.57
141,Ormara,PK,2021-02-04 12:21:12,25.2088,64.6357,72.45,38,0,9.73
142,Saskylakh,RU,2021-02-04 12:15:21,71.9167,114.0833,-41.19,75,0,4.56
143,Srednekolymsk,RU,2021-02-04 12:14:56,67.45,153.6833,-24.23,87,66,2.86
144,Praia Da Vitoria,PT,2021-02-04 12:21:12,38.7333,-27.0667,55.0,66,75,29.33
145,Port Augusta,AU,2021-02-04 12:21:13,-32.5,137.7667,62.6,67,90,6.91
146,Lompoc,US,2021-02-04 12:15:39,34.6391,-120.4579,46.4,66,1,6.91
147,Aklavik,CA,2021-02-04 12:21:13,68.2191,-135.0107,-38.2,67,25,2.3
148,Longyearbyen,SJ,2021-02-04 12:16:44,78.2186,15.6401,21.2,73,75,21.85
149,Bredasdorp,ZA,2021-02-04 12:13:28,-34.5322,20.0403,75.2,57,70,13.8
150,Galesong,ID,2021-02-04 12:21:13,-5.3166,119.3661,75.2,100,40,5.75
151,Newport,GB,2021-02-04 12:14:39,51.5877,-2.9984,48.0,98,76,6.2
152,Quang Ngai,VN,2021-02-04 12:21:13,15.1167,108.8,70.45,89,96,4.52
153,Ilulissat,GL,2021-02-04 12:15:06,69.2167,-51.1,-4.0,45,1,13.8
154,Port Said,EG,2021-02-04 12:21:13,31.2565,32.2841,69.8,68,40,10.36
155,Sao Felix Do Xingu,BR,2021-02-04 12:21:14,-6.6447,-51.995,77.76,88,97,1.79
156,Mazamari,PE,2021-02-04 12:21:14,-11.3258,-74.5308,69.71,81,100,1.21
157,Mogadishu,SO,2021-02-04 12:18:43,2.0371,45.3438,84.2,58,20,19.57
158,Davila,PH,2021-02-04 12:21:14,18.4726,120.5763,77.0,61,20,9.22
159,Mackenzie,CA,2021-02-04 12:21:14,55.2999,-123.1698,14.0,92,90,4.61
160,Kruisfontein,ZA,2021-02-04 12:21:15,-34.0033,24.7314,79.0,61,93,7.0
161,Vestmannaeyjar,IS,2021-02-04 12:15:52,63.4427,-20.2734,37.4,87,75,28.77
162,Dunda,TZ,2021-02-04 12:21:15,-8.1167,34.25,84.79,49,31,2.19
163,Tura,IN,2021-02-04 12:15:35,25.5198,90.2201,65.16,54,0,1.99
164,Zemio,CF,2021-02-04 12:21:15,5.0314,25.1361,99.79,18,31,4.29
165,Kavieng,PG,2021-02-04 12:15:43,-2.5744,150.7967,82.09,75,100,8.19
166,Katsuura,JP,2021-02-04 12:12:14,35.1333,140.3,46.99,46,20,14.97
167,Alice Springs,AU,2021-02-04 12:15:41,-23.7,133.8833,82.4,61,90,12.66
168,Cochrane,CA,2021-02-04 12:21:15,51.1834,-114.4687,19.0,85,1,4.61
169,Minab,IR,2021-02-04 12:21:15,27.1467,57.0801,78.8,36,0,9.22
170,Sungai Udang,MY,2021-02-04 12:21:16,2.269,102.1427,82.0,74,20,4.61
171,Lisala,CD,2021-02-04 12:21:16,2.15,21.5167,98.6,34,64,3.38
172,Rocha,UY,2021-02-04 12:16:29,-34.4833,-54.3333,65.86,89,100,17.6
173,Moron,AR,2021-02-04 12:21:16,-34.6534,-58.6198,72.0,69,0,5.01
174,Bonthe,SL,2021-02-04 12:16:32,7.5264,-12.505,86.54,57,21,7.25
175,Hudson Bay,CA,2021-02-04 12:21:16,52.85,-102.3842,-5.31,89,99,6.76
176,Yulara,AU,2021-02-04 12:16:08,-25.2406,130.9889,78.8,73,35,2.3
177,Thompson,CA,2021-02-04 12:15:21,55.7435,-97.8558,-9.4,77,90,16.11
178,Tautira,PF,2021-02-04 12:17:14,-17.7333,-149.15,77.0,83,20,5.75
179,Tupi Paulista,BR,2021-02-04 12:21:17,-21.3811,-51.5706,80.22,78,90,3.96
180,Sarany,RU,2021-02-04 12:20:13,58.5,58.8833,16.14,97,100,3.22
181,Suihua,CN,2021-02-04 12:21:17,46.6406,126.9969,-13.0,88,0,7.16
182,Rognan,NO,2021-02-04 12:21:17,67.0953,15.3878,21.0,83,96,2.8
183,Diffa,NE,2021-02-04 12:21:18,13.3154,12.6113,85.3,14,27,17.63
184,Loandjili,CG,2021-02-04 12:21:18,-4.7561,11.8578,87.8,70,20,14.97
185,Amlagora,IN,2021-02-04 12:21:18,22.8333,87.3333,72.88,22,0,4.12
186,Aksu,CN,2021-02-04 12:21:19,41.1231,80.2644,34.65,68,0,5.37
187,Xining,CN,2021-02-04 12:14:07,36.6167,101.7667,29.59,62,100,3.58
188,Ipixuna,BR,2021-02-04 12:21:19,-1.7625,-48.8043,82.4,83,20,6.91
189,Khetia,IN,2021-02-04 12:21:19,21.6667,74.5833,85.93,20,9,2.93
190,Morehead,US,2021-02-04 12:21:19,37.2711,-87.1764,34.0,60,1,3.44
191,Te Anau,NZ,2021-02-04 12:21:19,-45.4167,167.7167,49.14,86,44,1.19
192,Salinas,US,2021-02-04 12:17:05,36.6777,-121.6555,46.0,87,1,3.49
193,Carnarvon,AU,2021-02-04 12:15:20,-24.8667,113.6333,86.0,85,90,25.32
194,Merauke,ID,2021-02-04 12:21:20,-8.4667,140.3333,81.34,83,69,12.59
195,Penzance,GB,2021-02-04 12:15:23,50.1186,-5.5371,48.2,93,75,2.3
196,Campbell River,CA,2021-02-04 12:21:21,50.0163,-125.2446,37.99,100,100,2.13
197,Saint Anthony,US,2021-02-04 12:15:38,45.0205,-93.218,30.2,86,90,6.91
198,Magnolia,US,2021-02-04 12:21:21,33.2671,-93.2393,57.0,71,90,11.5
199,Quelimane,MZ,2021-02-04 12:21:21,-17.8786,36.8883,93.2,59,40,9.22
200,East London,ZA,2021-02-04 12:13:10,-33.0153,27.9116,75.2,83,75,10.36
201,Raga,SS,2021-02-04 12:21:21,8.4596,25.678,101.53,11,7,6.55
202,Bendigo,AU,2021-02-04 12:21:21,-36.7667,144.2833,77.0,32,93,2.15
203,San Cristobal,VE,2021-02-04 12:21:21,7.7669,-72.225,73.4,83,40,2.15
204,Rio Grande,BR,2021-02-04 12:18:39,-32.035,-52.0986,71.6,83,75,20.71
205,Port Keats,AU,2021-02-04 12:16:48,-14.25,129.55,83.71,79,100,12.5
206,Nizhniy Tsasuchey,RU,2021-02-04 12:21:22,50.5167,115.1333,9.43,92,100,5.12
207,Mehamn,NO,2021-02-04 12:15:29,71.0357,27.8492,28.4,93,90,10.36
208,Muyezerskiy,RU,2021-02-04 12:21:23,63.9333,31.65,8.89,93,100,13.94
209,Hailar,CN,2021-02-04 12:21:23,49.2,119.7,3.25,93,92,6.71
210,Juneau,US,2021-02-04 12:16:14,58.3019,-134.4197,30.0,86,90,3.44
211,Necochea,AR,2021-02-04 12:16:12,-38.5473,-58.7368,66.99,83,0,3.0
212,Wanxian,CN,2021-02-04 12:21:23,30.8039,108.3897,50.88,82,100,4.47
213,Monrovia,LR,2021-02-04 12:21:23,6.3005,-10.7969,89.6,66,75,4.61
214,Tulum,MX,2021-02-04 12:21:23,20.2167,-87.4667,62.6,94,40,4.25
215,Kedrovyy,RU,2021-02-04 12:21:23,56.1667,91.8167,15.8,73,40,13.42
216,Saint-Junien,FR,2021-02-04 12:21:24,45.8833,0.9,55.0,87,0,6.91
217,Fano,IT,2021-02-04 12:21:24,43.8204,13.0121,60.01,100,75,10.36
218,Balikpapan,ID,2021-02-04 12:21:24,-1.2675,116.8289,77.85,88,96,4.81
219,Padang,ID,2021-02-04 12:17:12,-0.9492,100.3543,82.4,78,40,1.14
220,Siguiri,GN,2021-02-04 12:21:25,11.6667,-9.5,96.84,8,6,4.23
221,Port Hardy,CA,2021-02-04 12:15:06,50.6996,-127.4199,41.0,100,90,16.11
222,Qarayeri,AZ,2021-02-04 12:21:25,40.7886,46.3066,64.4,24,40,6.91
223,Bandarbeyla,SO,2021-02-04 12:15:48,9.4942,50.8122,77.14,55,11,15.12
224,Itarema,BR,2021-02-04 12:21:25,-2.9248,-39.9167,84.51,64,99,16.08
225,Sarangpur,IN,2021-02-04 12:21:25,23.5667,76.4667,80.37,24,41,9.62
226,Taihe,CN,2021-02-04 12:21:25,30.8712,105.3845,53.8,74,67,6.44
227,Fortuna,US,2021-02-04 12:15:19,40.5982,-124.1573,37.99,100,75,8.05
228,Port Elizabeth,ZA,2021-02-04 12:15:43,-33.918,25.5701,78.8,57,40,9.22
229,Harbour Breton,CA,2021-02-04 12:21:26,47.4833,-55.7983,40.77,95,99,6.69
230,Hede,CN,2021-02-04 12:21:27,33.7681,120.2517,37.58,77,9,6.8
231,Liverpool,GB,2021-02-04 12:21:27,53.4106,-2.9779,44.6,87,96,10.36
232,Ossora,RU,2021-02-04 12:21:27,59.2353,163.0719,16.5,94,92,9.55
233,Tokur,RU,2021-02-04 12:21:27,53.1333,132.9,-37.77,85,99,3.91
234,Komsomolskiy,UZ,2021-02-04 12:16:51,40.4272,71.7189,51.8,40,2,4.61
235,Paamiut,GL,2021-02-04 12:16:04,61.994,-49.6678,10.53,76,0,7.85
236,Cherskiy,RU,2021-02-04 12:15:04,68.75,161.3,-6.12,66,0,9.15
237,Saint George,US,2021-02-04 12:13:46,37.1041,-113.5841,42.01,60,1,9.22
238,Mareeba,AU,2021-02-04 12:16:44,-17.0,145.4333,80.6,78,40,1.14
239,Kieta,PG,2021-02-04 12:17:03,-6.2167,155.6333,78.64,80,100,3.02
240,Port-Gentil,GA,2021-02-04 12:21:28,-0.7193,8.7815,87.8,74,40,9.22
241,Beringovskiy,RU,2021-02-04 12:21:28,63.05,179.3167,-2.97,92,100,21.52
242,Balabac,PH,2021-02-04 12:21:28,7.9868,117.0645,79.97,82,100,12.35
243,Cabo San Lucas,MX,2021-02-04 12:17:30,22.8909,-109.9124,66.0,44,73,1.01
244,Toora-Khem,RU,2021-02-04 12:21:15,52.4675,96.11,20.32,95,100,3.89
245,Northam,GB,2021-02-04 12:21:29,51.0333,-4.2167,52.0,88,77,4.0
246,Kaitangata,NZ,2021-02-04 12:15:01,-46.2817,169.8464,54.0,71,0,14.0
247,Luderitz,NA,2021-02-04 12:15:45,-26.6481,15.1594,75.72,51,0,21.18
248,Belmonte,BR,2021-02-04 12:21:29,-15.8631,-38.8828,80.6,69,40,2.3
249,Koslan,RU,2021-02-04 12:21:29,63.4564,48.8989,15.08,96,100,9.98
250,Codrington,AU,2021-02-04 12:13:33,-38.2667,141.9667,67.41,53,98,10.94
251,Okato,NZ,2021-02-04 12:21:29,-39.2,173.8833,53.01,55,0,15.01
252,Traverse City,US,2021-02-04 12:18:27,44.7631,-85.6206,28.4,74,75,5.75
253,Bawku,GH,2021-02-04 12:21:29,11.0616,-0.2417,98.33,8,48,11.34
254,Georgetown,MY,2021-02-04 12:14:33,5.4112,100.3354,86.0,51,20,10.36
255,San Patricio,US,2021-02-04 12:15:25,28.017,-97.5169,64.0,94,20,11.5
256,Omsukchan,RU,2021-02-04 12:21:30,62.5333,155.8,-15.56,86,100,6.85
257,Sitka,US,2021-02-04 12:13:42,57.0531,-135.33,37.4,93,90,8.05
258,West Odessa,US,2021-02-04 12:21:30,31.8424,-102.4988,59.0,29,1,11.5
259,Bengkulu,ID,2021-02-04 12:16:27,-3.8004,102.2655,79.52,83,59,2.68
260,Balakirevo,RU,2021-02-04 12:21:13,56.5059,38.8432,22.86,96,99,4.92
261,Jalu,LY,2021-02-04 12:15:18,29.0331,21.5482,69.08,38,0,11.14
262,Dukat,RU,2021-02-04 12:21:31,62.55,155.55,-16.73,88,100,6.58
263,Katesh,TZ,2021-02-04 12:21:31,-4.5167,35.3833,72.52,73,44,3.36
264,Kikwit,CD,2021-02-04 12:21:31,-5.041,18.8162,90.54,48,44,5.44
265,Esperance,AU,2021-02-04 12:15:15,-33.8667,121.9,59.0,67,90,14.97
266,Amot,NO,2021-02-04 12:21:31,59.5714,7.9877,18.0,57,0,2.3
267,Scarborough,GB,2021-02-04 12:21:31,54.2797,-0.4044,42.01,95,100,5.01
268,Omboue,GA,2021-02-04 12:21:31,-1.5746,9.2618,85.24,71,75,8.48
269,Kudahuvadhoo,MV,2021-02-04 12:21:32,2.6708,72.8944,81.36,81,93,17.09
270,Waipawa,NZ,2021-02-04 12:21:32,-41.4122,175.5153,57.2,72,90,24.16
271,Namibe,AO,2021-02-04 12:21:33,-15.1961,12.1522,77.0,44,20,4.61
272,Bhan,PK,2021-02-04 12:21:33,26.5583,67.7214,79.38,17,0,11.14
273,Ostrovnoy,RU,2021-02-04 12:15:54,68.0531,39.5131,12.18,94,100,16.51
274,Nadym,RU,2021-02-04 12:21:33,65.5333,72.5167,-8.39,91,94,9.78
275,Piltene,LV,2021-02-04 12:21:33,57.2243,21.6744,24.8,80,90,10.36
276,Acapulco,MX,2021-02-04 12:20:13,16.8634,-99.8901,72.66,83,4,3.4
277,Polazna,RU,2021-02-04 12:21:34,58.2946,56.4055,19.4,86,75,6.71
278,Medea,DZ,2021-02-04 12:21:34,36.2642,2.7539,75.2,50,75,3.44
279,Omaruru,NA,2021-02-04 12:21:35,-21.4333,15.9333,89.29,22,24,3.85
280,Sicuani,PE,2021-02-04 12:21:35,-14.2694,-71.2261,46.76,62,96,3.74
281,Henties Bay,NA,2021-02-04 12:21:35,-22.116,14.2845,71.01,78,100,3.0
282,Esso,RU,2021-02-04 12:21:35,55.9333,158.7,-1.64,85,100,5.41
283,Flinders,AU,2021-02-04 12:21:35,-34.5833,150.8552,73.0,78,97,8.99
284,Broken Hill,AU,2021-02-04 12:21:35,-31.95,141.4333,84.2,21,90,17.27
285,Oranjemund,NA,2021-02-04 12:21:36,-28.55,16.4333,71.35,63,15,20.0
286,Crepy-En-Valois,FR,2021-02-04 12:21:36,49.2336,2.8881,51.01,81,75,9.22
287,Kosovska Mitrovica,XK,2021-02-04 12:21:37,42.8833,20.8667,59.0,51,20,14.97
288,Chengde,CN,2021-02-04 12:21:37,40.9725,117.9361,27.52,70,0,1.81
289,San Jeronimo,PE,2021-02-04 12:21:37,-11.9472,-75.2829,49.39,73,100,0.96
290,Banda Aceh,ID,2021-02-04 12:16:21,5.5577,95.3222,79.97,77,9,15.43
291,Corpus Christi,US,2021-02-04 12:20:08,27.8006,-97.3964,64.99,94,20,11.5
292,Sabang,ID,2021-02-04 12:21:38,5.8933,95.3214,81.32,76,17,21.34
293,Riyadh,SA,2021-02-04 12:18:20,24.6877,46.7219,80.6,13,0,16.11
294,Hirara,JP,2021-02-04 12:18:33,24.8,125.2833,66.2,68,40,10.36
295,Chapais,CA,2021-02-04 12:17:14,49.7834,-74.8492,1.4,85,1,2.3
296,Bukachacha,RU,2021-02-04 12:21:38,52.9833,116.9167,-15.25,86,98,0.58
297,Cayenne,GF,2021-02-04 12:12:17,4.9333,-52.3333,82.4,74,90,16.11
298,Iqaluit,CA,2021-02-04 12:15:15,63.7506,-68.5145,5.0,85,90,25.32
299,Alyangula,AU,2021-02-04 12:21:39,-13.8483,136.4192,80.6,94,75,3.44
300,Bluefield,US,2021-02-04 12:21:39,37.2698,-81.2223,17.6,86,1,3.44
301,Coihaique,CL,2021-02-04 12:14:14,-45.5752,-72.0662,62.6,77,0,4.61
302,Tomatlan,MX,2021-02-04 12:21:39,19.9333,-105.25,62.08,80,0,2.06
303,Narsaq,GL,2021-02-04 12:14:59,60.9167,-46.05,12.2,48,75,5.26
304,Songjianghe,CN,2021-02-04 12:21:39,42.1859,127.479,7.25,90,86,8.14
305,Poso,ID,2021-02-04 12:21:40,-1.3959,120.7524,82.0,76,100,2.62
306,Nemuro,JP,2021-02-04 12:14:15,43.3236,145.575,17.82,87,71,19.04
307,Ahipara,NZ,2021-02-04 12:13:21,-35.1667,173.1667,61.41,90,35,4.79
308,Maarianhamina,AX,2021-02-04 12:21:41,60.0973,19.9348,24.8,80,90,8.05
309,Cam Ranh,VN,2021-02-04 12:21:41,11.9214,109.1591,77.0,69,20,13.8
310,Point Pedro,LK,2021-02-04 12:21:41,9.8167,80.2333,77.59,71,80,14.7
311,Umm Lajj,SA,2021-02-04 12:21:41,25.0213,37.2685,70.56,69,62,17.07
312,Caravelas,BR,2021-02-04 12:16:34,-17.7125,-39.2481,82.76,66,28,6.2
313,Gambela,ET,2021-02-04 12:21:41,8.25,34.5833,108.75,12,0,3.42
314,Kuytun,RU,2021-02-04 12:21:42,54.3419,101.5036,10.9,94,94,3.11
315,Krasnoselkup,RU,2021-02-04 12:21:42,65.7,82.4667,-17.55,87,98,6.64
316,Gornopravdinsk,RU,2021-02-04 12:21:43,60.05,69.9,4.28,94,99,4.85
317,Bibiani,GH,2021-02-04 12:21:43,6.4635,-2.3194,101.59,30,1,1.43
318,Cabedelo,BR,2021-02-04 12:21:43,-6.9811,-34.8339,86.0,66,75,9.22
319,Cody,US,2021-02-04 12:21:39,44.5263,-109.0565,23.0,92,1,3.44
320,Linjiang,CN,2021-02-04 12:21:43,41.8069,126.9078,7.34,89,52,3.04
321,Nome,US,2021-02-04 12:15:19,64.5011,-165.4064,-11.2,64,1,3.44
322,Moose Factory,CA,2021-02-04 12:21:44,51.2585,-80.6094,15.8,85,40,8.05
323,Roald,NO,2021-02-04 12:21:44,62.5833,6.1333,24.8,58,0,13.8
324,Dhidhdhoo,MV,2021-02-04 12:16:55,6.8833,73.1,82.63,66,100,7.4
325,Walvis Bay,NA,2021-02-04 12:21:45,-22.9575,14.5053,71.6,64,90,9.22
326,Lazaro Cardenas,MX,2021-02-04 12:17:00,17.9583,-102.2,71.53,86,51,3.91
327,Bismarck,US,2021-02-04 12:18:02,46.8083,-100.7837,3.2,78,1,14.97
328,Alofi,NU,2021-02-04 12:15:40,-19.0595,-169.9187,77.0,94,100,3.44
329,Conceicao Do Araguaia,BR,2021-02-04 12:17:13,-8.2578,-49.2647,81.72,79,88,2.35
330,Indramayu,ID,2021-02-04 12:21:45,-6.3264,108.32,80.33,83,57,13.91
331,Tepalcatepec,MX,2021-02-04 12:21:45,19.1833,-102.85,67.03,66,0,0.56
332,Souillac,MU,2021-02-04 12:16:51,-20.5167,57.5167,84.2,70,40,10.36
333,College,US,2021-02-04 12:16:25,64.8569,-147.8028,-2.2,71,90,3.44
334,Labuhan,ID,2021-02-04 12:21:46,-6.8844,112.2051,80.15,84,74,16.24
335,Jiayuguan,CN,2021-02-04 12:21:46,39.8167,98.3,29.34,71,52,11.27
336,Kalbay,PH,2021-02-04 12:21:47,5.7233,125.4986,78.85,77,78,10.63
337,Barroso,BR,2021-02-04 12:21:47,-21.1869,-43.9758,73.4,68,0,3.44
338,Laguna,US,2021-02-04 12:15:38,38.421,-121.4238,43.0,70,1,9.22
339,Half Moon Bay,US,2021-02-04 12:21:47,37.4636,-122.4286,48.99,66,1,9.22
340,Ketchikan,US,2021-02-04 12:18:25,55.3422,-131.6461,42.8,100,90,3.44
341,Teguldet,RU,2021-02-04 12:21:48,57.3064,88.1667,11.12,95,100,8.14
342,Akyab,MM,2021-02-04 12:21:48,20.15,92.9,71.71,57,0,8.01
343,Barcelos,PT,2021-02-04 12:21:48,41.5388,-8.6151,53.6,82,40,8.05
344,Ligatne,LV,2021-02-04 12:21:48,57.2343,25.0406,18.0,82,79,1.99
345,Pilar,BR,2021-02-04 12:15:17,-9.5972,-35.9567,82.4,74,40,6.91
346,Bairiki,KI,2021-02-04 12:21:49,1.3292,172.9752,80.6,83,75,14.97
347,Jardim,BR,2021-02-04 12:21:49,-21.4803,-56.1381,76.69,89,100,8.72
348,Batagay-Alyta,RU,2021-02-04 12:21:49,67.8006,130.4114,-32.82,70,0,1.43
349,Maragogi,BR,2021-02-04 12:21:49,-9.0122,-35.2225,83.66,64,19,7.81
350,Marsh Harbour,BS,2021-02-04 12:21:50,26.5412,-77.0636,62.78,56,2,8.7
351,Sao Joao Da Barra,BR,2021-02-04 12:15:17,-21.6403,-41.0511,84.2,58,0,8.05
352,Hasaki,JP,2021-02-04 12:14:48,35.7333,140.8333,42.8,39,20,6.91
353,Sakaiminato,JP,2021-02-04 12:21:50,35.55,133.2333,41.0,70,40,9.22
354,Miles City,US,2021-02-04 12:15:19,46.4083,-105.8406,12.2,85,40,3.44
355,Bilibino,RU,2021-02-04 12:21:50,68.0546,166.4372,-16.15,69,5,10.11
356,Dawei,MM,2021-02-04 12:21:51,14.0833,98.2,77.23,76,3,3.71
357,Winslow,US,2021-02-04 12:16:48,35.0242,-110.6974,39.99,52,1,10.36
358,Makakilo City,US,2021-02-04 12:13:11,21.3469,-158.0858,66.2,77,40,13.78
359,Augustow,PL,2021-02-04 12:21:51,53.8432,22.9798,23.27,95,96,13.33
360,Hervey Bay,AU,2021-02-04 12:21:51,-25.2986,152.8535,73.99,80,2,1.01
361,Nuqui,CO,2021-02-04 12:21:52,5.7125,-77.2708,76.3,85,98,3.18
362,Hofn,IS,2021-02-04 12:17:10,64.2539,-15.2082,35.6,69,75,14.97
363,Zaranj,AF,2021-02-04 12:21:35,30.9667,61.8833,69.8,18,0,6.91
364,Roebourne,AU,2021-02-04 12:15:32,-20.7833,117.1333,82.17,80,90,14.12
365,Rio Gallegos,AR,2021-02-04 12:21:52,-51.6226,-69.2181,66.2,52,0,12.66
366,Sur,OM,2021-02-04 12:21:52,22.5667,59.5289,74.1,60,0,8.97
367,Kahului,US,2021-02-04 12:15:37,20.8947,-156.47,64.0,75,40,3.44
368,Channahon,US,2021-02-04 12:18:55,41.4295,-88.2287,32.0,80,1,9.22
369,Bosaso,SO,2021-02-04 12:21:52,11.2842,49.1816,78.8,65,0,12.66
370,Tchaourou,BJ,2021-02-04 12:21:53,8.8865,2.5975,98.85,9,13,6.49
371,Ongandjera,NA,2021-02-04 12:21:53,-17.8833,15.0667,88.79,25,68,4.41
372,Lagoa,PT,2021-02-04 12:15:24,39.05,-27.9833,53.56,69,55,29.53
373,Port Macquarie,AU,2021-02-04 12:15:19,-31.4333,152.9167,69.01,93,56,10.04
374,Jumla,NP,2021-02-04 12:16:52,29.2747,82.1838,37.6,75,84,4.79
375,Manggar,ID,2021-02-04 12:21:54,-2.8833,108.2667,79.93,77,84,15.35
376,Belluno,IT,2021-02-04 12:21:54,46.145,12.2214,50.0,81,75,2.3
377,Norman Wells,CA,2021-02-04 12:15:57,65.282,-126.8329,-50.8,65,75,4.61
378,Hamilton,US,2021-02-04 12:11:13,39.1834,-84.5333,28.0,93,1,5.79
379,Bambous Virieux,MU,2021-02-04 12:15:35,-20.3428,57.7575,84.99,70,40,10.36
380,Luchegorsk,RU,2021-02-04 12:21:54,46.4764,134.2569,-12.77,87,48,7.99
381,Martapura,ID,2021-02-04 12:20:09,-3.4167,114.85,78.8,94,90,3.44
382,Osecina,RS,2021-02-04 12:21:55,44.3731,19.6014,51.8,62,0,13.8
383,Chervonohryhorivka,UA,2021-02-04 12:21:55,47.623,34.5389,44.6,93,75,13.42
384,Swidnica,PL,2021-02-04 12:21:56,50.8438,16.4886,35.01,100,100,6.44
385,Portage,US,2021-02-04 12:21:56,41.1667,-81.1998,12.0,92,88,5.21
386,Hearst,CA,2021-02-04 12:21:56,49.6835,-83.6665,23.0,74,100,5.75
387,Mulege,MX,2021-02-04 12:21:56,26.8833,-111.9833,66.16,38,88,1.86
388,Maridi,SS,2021-02-04 12:21:56,4.9158,29.4742,102.79,13,10,4.59
389,Brae,GB,2021-02-04 12:17:12,60.3964,-1.353,37.4,56,40,9.22
390,Dicabisagan,PH,2021-02-04 12:21:57,17.0818,122.4157,73.36,85,100,11.05
391,Mount Isa,AU,2021-02-04 12:14:59,-20.7333,139.5,86.0,58,76,8.05
392,Arkhipo-Osipovka,RU,2021-02-04 12:21:57,44.37,38.52,52.92,68,91,11.1
393,Clarence Town,AU,2021-02-04 12:21:58,-32.5833,151.7833,73.4,78,80,6.91
394,Nieuw Amsterdam,SR,2021-02-04 12:21:58,5.8833,-55.0833,82.0,83,20,4.61
395,Denpasar,ID,2021-02-04 12:21:31,-8.65,115.2167,84.2,74,75,4.61
396,Lubao,PH,2021-02-04 12:21:59,14.9167,120.55,78.8,73,40,4.61
397,Husavik,IS,2021-02-04 12:14:03,66.0449,-17.3389,30.2,59,40,2.3
398,Maxixe,MZ,2021-02-04 12:21:59,-23.8597,35.3472,93.2,62,40,13.8
399,Mildura,AU,2021-02-04 12:17:06,-34.2,142.15,71.6,49,90,8.05
400,Luganville,VU,2021-02-04 12:16:11,-15.5333,167.1667,79.25,81,100,1.39
401,Goundam,ML,2021-02-04 12:22:00,16.4145,-3.6708,92.89,8,4,14.2
402,Birobidzhan,RU,2021-02-04 12:22:00,48.8,132.95,-12.15,80,0,6.53
403,Ngunguru,NZ,2021-02-04 12:22:00,-35.6167,174.5,62.01,88,5,3.0
404,Eshowe,ZA,2021-02-04 12:22:00,-28.8865,31.4699,78.82,77,100,11.18
405,Altay,CN,2021-02-04 12:16:49,47.8667,88.1167,18.86,92,100,2.46
406,Taltal,CL,2021-02-04 12:16:27,-25.4,-70.4833,65.46,73,42,0.96
407,Port Antonio,JM,2021-02-04 12:22:01,18.18,-76.4612,75.2,73,20,9.22
408,Bima,ID,2021-02-04 12:22:01,-8.4667,118.7167,77.65,86,100,0.76
409,Merke,KZ,2021-02-04 12:22:02,42.8728,73.1786,38.48,68,91,1.19
410,Iranshahr,IR,2021-02-04 12:22:02,27.2025,60.6848,80.6,7,0,3.65
411,Talcahuano,CL,2021-02-04 12:20:15,-36.7167,-73.1167,57.2,100,90,3.44
412,Hualmay,PE,2021-02-04 12:22:03,-11.0964,-77.6139,69.37,76,88,5.59
413,High Prairie,CA,2021-02-04 12:22:03,55.4334,-116.4858,1.4,78,88,11.5
414,Lavrentiya,RU,2021-02-04 12:16:19,65.5833,-171.0,-20.51,81,0,13.58
415,Kisesa,TZ,2021-02-04 12:22:04,-3.0833,34.15,82.35,47,32,5.21
416,Miquelon,PM,2021-02-04 12:22:04,47.0975,-56.3814,39.2,100,75,4.61
417,Biak,ID,2021-02-04 12:16:54,-0.9131,122.8766,77.67,81,100,3.51
418,Waddan,LY,2021-02-04 12:22:04,29.1614,16.139,66.67,32,0,1.88
419,Mercedes,AR,2021-02-04 12:22:04,-34.6515,-59.4307,69.01,80,0,1.99
420,Poum,NC,2021-02-04 12:16:29,-20.2333,164.0167,80.22,82,16,14.76
421,Kuna,US,2021-02-04 12:22:05,43.4918,-116.4201,30.0,93,75,5.48
422,Dabat,ET,2021-02-04 12:22:05,12.9842,37.765,73.98,19,1,11.81
423,Maumere,ID,2021-02-04 12:22:05,-8.6199,122.2111,79.59,81,100,4.54
424,Fairbanks,US,2021-02-04 12:15:43,64.8378,-147.7164,-2.2,77,90,3.65
425,Kargat,RU,2021-02-04 12:22:06,55.1956,80.2811,4.12,94,69,8.32
426,Klyuchi,RU,2021-02-04 12:22:06,52.2667,79.1667,23.16,98,100,2.64
427,Nurota,UZ,2021-02-04 12:22:06,40.5614,65.6886,59.0,41,42,3.22
428,Libreville,GA,2021-02-04 12:22:06,0.3925,9.4537,87.8,74,20,8.05
429,Teguise,ES,2021-02-04 12:18:07,29.0605,-13.564,62.6,67,75,20.71
430,Iskateley,RU,2021-02-04 12:16:27,67.6803,53.1512,-10.93,90,86,10.22
431,Mount Gambier,AU,2021-02-04 12:22:07,-37.8333,140.7667,62.6,88,90,14.97
432,Khartoum,SD,2021-02-04 12:17:38,15.5518,32.5324,84.2,11,54,21.85
433,Oistins,BB,2021-02-04 12:17:31,13.0667,-59.5333,80.6,61,20,21.85
434,Muravlenko,RU,2021-02-04 12:22:07,63.7898,74.523,-11.36,90,20,12.12
435,Sarangani,PH,2021-02-04 12:22:08,5.4033,125.4636,82.74,78,100,21.25
436,Adrar,MR,2021-02-04 12:22:08,20.5022,-10.0711,84.54,13,19,8.95
437,Somerset West,ZA,2021-02-04 12:22:08,-34.084,18.8211,77.0,57,0,23.02
438,Touros,BR,2021-02-04 12:15:10,-5.1989,-35.4608,84.2,61,40,14.97
439,Kutulik,RU,2021-02-04 12:22:08,53.3508,102.7839,17.65,97,98,3.11
440,Bure,ET,2021-02-04 12:22:08,10.7,37.0667,80.76,18,28,7.78
441,Wufeng,CN,2021-02-04 12:22:08,27.45,104.8333,41.74,87,40,5.55
442,Yuci,CN,2021-02-04 12:22:08,37.6803,112.7319,33.8,23,0,2.24
443,Richards Bay,ZA,2021-02-04 12:16:09,-28.783,32.0377,83.91,73,100,9.37
444,Leningradskiy,RU,2021-02-04 12:15:13,69.3833,178.4167,-25.98,85,99,5.64
445,La Ronge,CA,2021-02-04 12:13:16,55.1001,-105.2842,-7.6,77,92,2.3
446,Mocuba,MZ,2021-02-04 12:22:09,-16.8392,36.9856,91.99,54,9,3.24
447,Bozova,TR,2021-02-04 12:22:09,37.3625,38.5267,59.0,58,75,12.66
448,Grand Gaube,MU,2021-02-04 12:16:26,-20.0064,57.6608,84.99,61,10,8.01
449,Belyy Yar,RU,2021-02-04 12:17:06,53.6039,91.3903,24.8,80,0,6.71
450,Guerrero Negro,MX,2021-02-04 12:16:34,27.9769,-114.0611,59.83,83,100,12.5
451,Nuuk,GL,2021-02-04 12:16:14,64.1835,-51.7216,10.4,56,1,14.97
452,Waverley,ZA,2021-02-04 12:22:10,-25.7023,28.2591,69.8,88,100,6.91
453,Petrozavodsk,RU,2021-02-04 12:22:10,61.7849,34.3469,17.6,86,90,11.18
454,Bazarnyye Mataki,RU,2021-02-04 12:22:10,54.8833,49.9333,33.28,99,100,6.76
455,Parchim,DE,2021-02-04 12:22:10,53.4263,11.8488,35.01,87,100,5.99
456,Arvika,SE,2021-02-04 12:22:10,59.6553,12.5852,14.0,79,0,10.36
457,Filingue,NE,2021-02-04 12:22:10,14.3521,3.3168,90.52,11,48,17.11
458,Ginir,ET,2021-02-04 12:22:10,7.1333,40.7,79.18,16,0,11.52
459,Batagay,RU,2021-02-04 12:22:10,67.6333,134.6333,-44.46,70,0,1.48
460,Marawi,PH,2021-02-04 12:22:11,7.9986,124.2928,79.0,87,80,1.99
461,Portland,US,2021-02-04 12:17:35,45.5234,-122.6762,41.0,87,90,4.61
462,Katherine,AU,2021-02-04 12:22:11,-14.4667,132.2667,84.2,70,75,11.5
463,Morant Bay,JM,2021-02-04 12:15:46,17.8815,-76.4093,75.2,73,20,9.22
464,Korla,CN,2021-02-04 12:15:37,41.7597,86.1469,30.85,82,0,4.61
465,Nanpara,IN,2021-02-04 12:22:11,27.8667,81.5,72.28,33,2,5.91
466,Nauta,PE,2021-02-04 12:22:11,-4.5061,-73.5757,74.48,90,100,1.92
467,Labrea,BR,2021-02-04 12:22:11,-7.2586,-64.7981,76.5,94,96,0.25
468,Baghdad,IQ,2021-02-04 12:21:03,33.3406,44.4009,64.4,45,90,5.75
469,San Jose,US,2021-02-04 12:14:30,37.3394,-121.895,46.99,81,1,4.61
470,Nalut,LY,2021-02-04 12:22:12,30.3333,10.85,70.23,24,100,9.08
471,Sao Filipe,CV,2021-02-04 12:15:21,14.8961,-24.4956,74.08,72,86,9.48
472,Zaraza,VE,2021-02-04 12:22:12,9.3503,-65.3245,78.15,74,78,7.0
473,Jilin,CN,2021-02-04 12:22:12,43.0,126.0,10.71,94,100,5.91
474,Mayor Pablo Lagerenza,PY,2021-02-04 12:17:09,-19.9309,-60.7718,73.15,73,97,10.78
475,Leshukonskoye,RU,2021-02-04 12:22:12,64.8989,45.7622,9.05,95,100,10.76
476,Paramonga,PE,2021-02-04 12:22:12,-10.6667,-77.8333,69.58,74,93,4.32
477,Stockach,DE,2021-02-04 12:22:12,47.85,9.0167,48.99,84,100,1.52
478,Jiblah,YE,2021-02-04 12:22:13,13.9216,44.1467,71.8,22,0,5.14
479,Bonfim,BR,2021-02-04 12:22:13,3.0833,-59.95,78.4,79,64,8.21
480,Dudinka,RU,2021-02-04 12:22:13,69.4058,86.1778,-25.76,85,83,8.52
481,Ndago,TZ,2021-02-04 12:22:13,-4.6,34.35,80.1,57,42,1.48
482,Loei,TH,2021-02-04 12:22:13,17.4167,101.5,71.6,60,20,2.3
483,Khorixas,NA,2021-02-04 12:22:13,-20.3667,14.9667,90.32,25,39,9.8
484,Najran,SA,2021-02-04 12:13:56,17.4924,44.1277,84.2,15,0,9.22
485,Buala,SB,2021-02-04 12:17:08,-8.145,159.5921,77.27,89,100,5.68
486,Ambositra,MG,2021-02-04 12:22:13,-20.5167,47.25,75.76,75,63,7.45
487,Tarko-Sale,RU,2021-02-04 12:22:13,64.9225,77.785,-5.84,92,96,7.29
488,Rawson,AR,2021-02-04 12:21:02,-43.3002,-65.1023,62.6,94,40,12.17
489,Podor,MR,2021-02-04 12:22:14,16.6527,-14.9587,86.0,21,0,2.3
490,Sungairaya,ID,2021-02-04 12:22:14,0.7,108.9,75.22,91,100,8.68
491,Nhulunbuy,AU,2021-02-04 12:22:14,-12.2333,136.7667,80.6,89,40,14.97
492,Swan River,CA,2021-02-04 12:22:14,52.1058,-101.2676,5.0,78,91,8.05
493,Marystown,CA,2021-02-04 12:22:14,47.1666,-55.1483,40.23,93,42,5.1
494,Itoman,JP,2021-02-04 12:22:14,26.1247,127.6694,62.6,59,20,11.5
495,Belen,TR,2021-02-04 12:22:16,36.4891,36.2233,64.4,55,75,11.5
496,Ibra,OM,2021-02-04 12:22:16,22.6906,58.5334,83.3,15,0,11.63
497,Bayan,CN,2021-02-04 12:22:16,46.0833,127.4,-13.34,86,0,3.89
498,Alta Floresta,BR,2021-02-04 12:17:01,-9.8756,-56.0861,76.35,90,24,2.15
499,San Quintin,MX,2021-02-04 12:16:06,30.4833,-115.95,57.06,86,100,11.61
500,Ukiah,US,2021-02-04 12:22:16,39.1502,-123.2078,33.8,93,90,2.33
501,Atar,MR,2021-02-04 12:15:35,20.5169,-13.0499,88.03,11,72,10.89
502,Sorong,ID,2021-02-04 12:22:17,-0.8833,131.25,82.42,76,100,11.54
503,Ramsgate,GB,2021-02-04 12:22:17,51.3358,1.4155,48.0,80,83,4.0
504,Saint-Louis,SN,2021-02-04 12:22:17,16.3333,-15.0,86.0,21,0,2.3
505,Bazaliya,UA,2021-02-04 12:22:17,49.7127,26.4733,41.63,89,100,16.89
506,Steinkjer,NO,2021-02-04 12:22:17,64.193,11.3851,23.0,78,20,11.5
507,Chernyshevskiy,RU,2021-02-04 12:16:20,63.0128,112.4714,-25.08,88,100,3.09
508,Wellington,NZ,2021-02-04 12:18:01,-41.2866,174.7756,57.2,72,90,24.16
509,Puerto Carreno,CO,2021-02-04 12:22:17,6.189,-67.4859,80.38,68,9,10.92
510,Sept-Iles,CA,2021-02-04 12:22:18,50.2001,-66.3821,26.6,74,100,8.05
511,Aranos,NA,2021-02-04 12:22:18,-24.1333,19.1167,91.78,18,0,14.29
512,Kjollefjord,NO,2021-02-04 12:22:18,70.9457,27.3465,28.4,93,90,10.36
513,Dunedin,NZ,2021-02-04 12:22:18,-45.8742,170.5036,51.01,75,0,1.01
514,Fare,PF,2021-02-04 12:17:16,-16.7,-151.0167,81.05,66,1,5.61
515,Ramgarh,IN,2021-02-04 12:22:18,23.6333,85.5167,73.4,33,1,7.36
516,Uruzgan,AF,2021-02-04 12:22:19,32.8333,66.0,49.32,43,0,2.66
517,Yeppoon,AU,2021-02-04 12:16:31,-23.1333,150.7333,78.8,69,75,8.05
518,Mandiana,GN,2021-02-04 12:22:20,10.6333,-8.6833,96.19,9,0,4.21
519,Kavaratti,IN,2021-02-04 12:22:20,10.5669,72.642,82.27,64,23,6.91
520,Bakel,SN,2021-02-04 12:22:20,14.905,-12.4568,94.5,8,77,8.77
521,Ambon,ID,2021-02-04 12:22:20,-3.6954,128.1814,78.8,83,40,12.66
522,Amarastii De Sus,RO,2021-02-04 12:22:20,43.9833,24.15,61.0,58,0,21.85
523,Tadine,NC,2021-02-04 12:15:59,-21.55,167.8833,78.28,86,33,15.61
524,Koumac,NC,2021-02-04 12:22:20,-20.5667,164.2833,78.4,86,49,8.03
525,Salmas,IR,2021-02-04 12:22:21,38.1973,44.7653,48.2,53,40,4.61
526,Havelock,US,2021-02-04 12:17:40,34.8791,-76.9013,28.99,64,1,5.14
527,Bodden Town,KY,2021-02-04 12:22:21,19.2833,-81.25,73.0,73,20,8.05
528,Vadso,NO,2021-02-04 12:22:21,70.0744,29.7487,24.8,86,40,13.8
529,Naze,JP,2021-02-04 12:17:13,28.3667,129.4833,56.64,72,48,9.04
530,Basco,PH,2021-02-04 12:16:13,20.4487,121.9702,70.86,77,35,26.31
531,Port Lincoln,AU,2021-02-04 12:13:24,-34.7333,135.8667,57.0,67,19,15.93
532,Pangai,TO,2021-02-04 12:22:22,-19.8,-174.35,80.6,94,75,6.91
533,Kapoeta,SS,2021-02-04 12:15:20,4.7717,33.5903,101.25,13,0,16.46
534,Presidente Olegario,BR,2021-02-04 12:22:22,-18.4178,-46.4181,78.01,11,63,4.83
535,Verkhoyansk,RU,2021-02-04 12:15:24,67.5447,133.385,-43.55,70,0,1.99
536,Lorengau,PG,2021-02-04 12:15:58,-2.0226,147.2712,82.08,72,100,4.09
537,Chalus,IR,2021-02-04 12:22:22,36.655,51.4204,51.8,87,75,6.91
538,Barra Do Garcas,BR,2021-02-04 12:22:22,-15.89,-52.2567,79.34,70,99,1.1
539,Urumqi,CN,2021-02-04 12:22:22,43.801,87.6005,14.0,85,82,2.24
540,Camacha,PT,2021-02-04 12:22:23,33.0833,-16.3333,57.2,77,40,12.66
541,Comodoro Rivadavia,AR,2021-02-04 12:15:42,-45.8667,-67.5,71.6,64,0,2.3
542,Kjopsvik,NO,2021-02-04 12:22:23,68.097,16.3742,24.01,93,40,3.56
543,Metro,ID,2021-02-04 12:22:23,-5.1131,105.3067,77.58,88,74,2.13
544,Pecos,US,2021-02-04 12:22:23,31.4229,-103.4932,68.0,22,1,18.41
545,Demba,CD,2021-02-04 12:22:23,-5.51,22.2667,89.44,41,89,4.72
546,San Vicente,AR,2021-02-04 12:15:08,-26.6167,-54.1333,64.85,100,97,5.23
547,Linhares,BR,2021-02-04 12:22:24,-19.3911,-40.0722,83.08,63,2,5.91
548,Mitsamiouli,KM,2021-02-04 12:22:24,-11.3847,43.2844,87.8,66,75,6.91
549,Buraydah,SA,2021-02-04 12:16:40,26.326,43.975,84.2,26,75,4.61
550,Melilla,ES,2021-02-04 12:22:24,35.2937,-2.9383,66.2,77,20,6.91
